{
  "auth": {
    "boris58a12d05": {
      "service": "Cognito",
      "providerPlugin": "awscloudformation",
      "dependsOn": [],
      "customAuth": false
    }
  },
  "api": {
    "boris": {
      "service": "AppSync",
      "providerPlugin": "awscloudformation",
      "output": {
        "authConfig": {
          "defaultAuthentication": {
            "authenticationType": "API_KEY",
            "apiKeyConfig": {
              "apiKeyExpirationDays": 7,
              "description": "demo"
            }
          },
          "additionalAuthenticationProviders": []
        }
      }
    }
  },
  "storage": {
    "boris": {
      "service": "S3",
      "providerPlugin": "awscloudformation"
    }
  }
}